{"rmse": 1.1348141367642566, "mae": 0.9368750000000015, "r2": 0.9933570242604981, "n_estimators": 200, "trained_at": "2025-09-30T13:31:47.641846Z", "n_train": 22, "n_test": 8}